{
  "generated_at": "2026-06-26T18:00:54.332503",
  "department": {
    "incumbent": {
      "accuracy": 0.7079333986287953,
      "macro_f1": 0.4897544668831309,
      "per_class_recall": {
        "0": 0.6167557932263814,
        "1": 0.8725612287256123,
        "2": 0.702283849918434,
        "3": 0.3469055374592834,
        "4": 0.4,
        "5": 0.16186252771618626,
        "6": 0.5856459330143541,
        "7": 0.08176100628930817,
        "8": 0.29814814814814816,
        "9": 0.3648097826086957,
        "10": 0.5402750491159135
      }
    },
    "best": {
      "accuracy": 0.707541625857003,
      "macro_f1": 0.4967151250762159,
      "per_class_recall": {
        "0": 0.5816993464052288,
        "1": 0.8704026567040266,
        "2": 0.7137030995106036,
        "3": 0.3713355048859935,
        "4": 0.4222222222222222,
        "5": 0.1729490022172949,
        "6": 0.583732057416268,
        "7": 0.0880503144654088,
        "8": 0.32407407407407407,
        "9": 0.37092391304347827,
        "10": 0.5618860510805501
      }
    },
    "delta_macro_f1": 0.006960658193085001,
    "delta_accuracy": -0.0003917727717923647,
    "test_rows": 20420,
    "best_params": {
      "max_depth": 6,
      "subsample": 0.8170784332632994,
      "colsample_bytree": 0.3845545349848576,
      "colsample_bylevel": 0.9010984903770198,
      "min_child_weight": 2,
      "gamma": 0.9413993046829938,
      "reg_alpha": 1.2141307774357368,
      "reg_lambda": 0.90678654338917
    }
  },
  "disposition": {
    "incumbent": {
      "accuracy": 0.8395900355190931,
      "roc_auc": 0.9138334326181878,
      "under_rate": 0.23508920432347963,
      "over_rate": 0.117048827054309,
      "brier": 0.11278575707359072,
      "ece": 0.0035504068823927373,
      "sensitivity": 0.7649107956765204,
      "specificity": 0.882951172945691
    },
    "best": {
      "accuracy": 0.8438355836731765,
      "roc_auc": 0.9172332777204725,
      "under_rate": 0.22362937882536787,
      "over_rate": 0.1169921173512788,
      "brier": 0.11027469705342241,
      "ece": 0.004810387327318248,
      "sensitivity": 0.7763706211746321,
      "specificity": 0.8830078826487212
    },
    "test_rows": 83617,
    "best_params": {
      "max_depth": 8,
      "subsample": 0.6739417822102108,
      "colsample_bytree": 0.8817507766587351,
      "colsample_bylevel": 0.8875664116805573,
      "min_child_weight": 19,
      "gamma": 0.6161049539380962,
      "reg_alpha": 0.41087915453240803,
      "reg_lambda": 7.913270952323784
    },
    "delta_roc_auc": 0.0033998451022846377,
    "delta_under_rate": -0.011459825498111753
  }
}
