group,gain,pct
tfidf,4591.693693757057,84.5954873687707
longitudinal,251.32929944992065,4.630388260855684
structured,224.23424983024597,4.131200144066925
pmh,103.86239385604858,1.913518281823901
soft_cascade,101.4263048171997,1.868636773330568
snapshot_vitals,92.40196442604065,1.7023760154298961
medications,62.87553524971008,1.158393155722327
