subgroup,n,admit_rate,base_acc,doc_acc,delta_acc,base_auc,doc_auc,doc_under_triage,doc_over_triage
elderly (age>=65),26349,0.5758093286272724,0.719078522904095,0.7961212949258036,0.07704277202170862,0.8525826023182658,0.8858231758700172,0.0947139467440021,0.35206227073454416
polypharmacy (n_meds>=5),41856,0.5033209097859327,0.7279243119266054,0.7959432339449541,0.0680189220183487,0.8545973636521863,0.888482368840412,0.1299188303982532,0.27918610803790467
abnormal vitals (>=1 flag),18702,0.4940113356860229,0.787135065768367,0.8335472142016896,0.04641214843332264,0.8892269727990904,0.9199256429159147,0.11776166251758848,0.21399133467188
repeat visitor (prior ED),43923,0.3903649568563167,0.7713043280285955,0.8352343874507661,0.06393005942217056,0.8912714118332019,0.918720019528207,0.16009564913099267,0.16775590992269485
prior admission,43137,0.4588404386025917,0.7415675638083316,0.8157034564295153,0.0741358926211837,0.8736837054293292,0.905808185314302,0.13696761481331785,0.22442597669636738
non-sinus rhythm,1445,0.6955017301038062,0.7916955017301038,0.8249134948096886,0.03321799307958473,0.8483876074174581,0.8932722749886929,0.05174129353233831,0.4568181818181818
