label,name,precision,recall,specificity,f1,support,tp,fp,fn,tn
1,ESI 1,0.573578926520103,0.6029564855298771,0.9726825183343061,0.5879009338205441,4803,2896,2153,1907,76661
2,ESI 2,0.6362347786869402,0.7083422996915573,0.7973984031578003,0.6703550336026067,27882,19750,11292,8132,44443
3,ESI 3,0.7778720341379399,0.6722651737314493,0.7761688900401502,0.7212231716182237,45012,30260,8641,14752,29964
4,ESI 4,0.4238514409743157,0.6166666666666667,0.9386783372049745,0.5023940541699421,5700,3515,4778,2185,73139
5,ESI 5,0.17771084337349397,0.2681818181818182,0.9967265009532718,0.213768115942029,220,59,273,161,83124
