,ESI 1,ESI 2,ESI 3,ESI 4,ESI 5
ESI 1,0.602956,0.285863,0.103477,0.007495,0.000208
ESI 2,0.059035,0.708342,0.222545,0.009648,0.00043
ESI 3,0.010819,0.218453,0.672265,0.096752,0.001711
ESI 4,0.002807,0.014035,0.334386,0.616667,0.032105
ESI 5,0.018182,0.027273,0.15,0.536364,0.268182
