group,n,exact,within_1,mae,under_triage_rate,over_triage_rate
ambulance/helicopter,30187,0.6934110709908239,0.9908901182628284,0.31583131811707027,0.09894987908702421,0.20763904992215193
walk_in,50327,0.6663023824189799,0.9777058040415681,0.35708466628251234,0.19005702704313787,0.14364059053788225
other/unknown,3103,0.6493715758942958,0.9610054785691267,0.39639058975185304,0.14695456010312602,0.20367386400257814
