{
  "generated_at": "2026-06-27T17:03:33.781165",
  "mode": "Group-1",
  "department": {
    "incumbent": {
      "accuracy": 0.7079333986287953,
      "macro_f1": 0.4897544668831309,
      "per_class_recall": {
        "0": 0.6167557932263814,
        "1": 0.8725612287256123,
        "2": 0.702283849918434,
        "3": 0.3469055374592834,
        "4": 0.4,
        "5": 0.16186252771618626,
        "6": 0.5856459330143541,
        "7": 0.08176100628930817,
        "8": 0.29814814814814816,
        "9": 0.3648097826086957,
        "10": 0.5402750491159135
      }
    },
    "best": {
      "accuracy": 0.7052399608227228,
      "macro_f1": 0.49077589054376763,
      "per_class_recall": {
        "0": 0.6143790849673203,
        "1": 0.8719800747198008,
        "2": 0.699021207177814,
        "3": 0.36807817589576547,
        "4": 0.43555555555555553,
        "5": 0.14301552106430154,
        "6": 0.5760765550239234,
        "7": 0.10062893081761007,
        "8": 0.29814814814814816,
        "9": 0.3532608695652174,
        "10": 0.5009823182711198
      }
    },
    "delta_macro_f1": 0.0010214236606367333,
    "delta_accuracy": -0.0026934378060725628,
    "test_rows": 20420,
    "group1_params": {
      "learning_rate": 0.026586160837889783,
      "n_estimators": 5000,
      "class_weight_exponent": 0.7828160165372797
    }
  },
  "disposition": {
    "operating_point_threshold": 0.4,
    "incumbent": {
      "accuracy": 0.8332994486767045,
      "roc_auc": 0.9138334326181878,
      "under_rate": 0.1814363849459565,
      "over_rate": 0.15814445851685224,
      "brier": 0.11278575707359072,
      "ece": 0.0035504068823927373,
      "sensitivity": 0.8185636150540435,
      "specificity": 0.8418555414831478
    },
    "best": {
      "accuracy": 0.8334668787447529,
      "roc_auc": 0.913966008811546,
      "under_rate": 0.18521291834874332,
      "over_rate": 0.15568703805221074,
      "brier": 0.11259236861854051,
      "ece": 0.0038674005856703794,
      "sensitivity": 0.8147870816512567,
      "specificity": 0.8443129619477893
    },
    "operating_point_table": [
      {
        "threshold": 0.3,
        "incumbent": {
          "accuracy": 0.8196778167119126,
          "under_rate": 0.13465294960281288,
          "over_rate": 0.20683919018544072
        },
        "best": {
          "accuracy": 0.8110192903356973,
          "under_rate": 0.11788644354733689,
          "over_rate": 0.23026029753690858
        }
      },
      {
        "threshold": 0.35,
        "incumbent": {
          "accuracy": 0.8264706937584463,
          "under_rate": 0.15757260059903633,
          "over_rate": 0.1827942761006408
        },
        "best": {
          "accuracy": 0.829974765896887,
          "under_rate": 0.16825107435864045,
          "over_rate": 0.17105536757339182
        }
      },
      {
        "threshold": 0.4,
        "incumbent": {
          "accuracy": 0.8332994486767045,
          "under_rate": 0.1814363849459565,
          "over_rate": 0.15814445851685224
        },
        "best": {
          "accuracy": 0.8334668787447529,
          "under_rate": 0.18521291834874332,
          "over_rate": 0.15568703805221074
        }
      },
      {
        "threshold": 0.45,
        "incumbent": {
          "accuracy": 0.8378439790951601,
          "under_rate": 0.20920692798541476,
          "over_rate": 0.13483677057144478
        },
        "best": {
          "accuracy": 0.8393030125452958,
          "under_rate": 0.2285453835134783,
          "over_rate": 0.12130205478157313
        }
      },
      {
        "threshold": 0.5,
        "incumbent": {
          "accuracy": 0.8395900355190931,
          "under_rate": 0.23508920432347963,
          "over_rate": 0.117048827054309
        },
        "best": {
          "accuracy": 0.8394465240321944,
          "under_rate": 0.2558275817163693,
          "over_rate": 0.1052343055896864
        }
      },
      {
        "threshold": 0.55,
        "incumbent": {
          "accuracy": 0.8381907985218316,
          "under_rate": 0.28952337543951034,
          "over_rate": 0.08765429765032798
        },
        "best": {
          "accuracy": 0.8386452515636772,
          "under_rate": 0.272105742935278,
          "over_rate": 0.09704920511899585
        }
      },
      {
        "threshold": 0.6,
        "incumbent": {
          "accuracy": 0.8360142076372029,
          "under_rate": 0.31283370230498764,
          "over_rate": 0.07755997051095442
        },
        "best": {
          "accuracy": 0.8340289654017724,
          "under_rate": 0.3325953900247428,
          "over_rate": 0.06922364416551673
        }
      }
    ],
    "test_rows": 83617,
    "group1_params": {
      "learning_rate": 0.013433656868034296,
      "n_estimators": 5000,
      "scale_pos_weight_exponent": 0.5038603981386294
    },
    "delta_roc_auc": 0.00013257619335815818,
    "delta_under_rate": 0.0037765334027868025
  }
}