{
  "generated_at": "2026-06-27T17:53:12.097173",
  "test_rows": 83617,
  "mode": "multi-objective",
  "acuity": {
    "objective_names": [
      "exact",
      "under_rate",
      "esi5_recall"
    ],
    "incumbent": {
      "exact": 0.6754607316693974,
      "within_1": 0.9818457969073274,
      "qwk": 0.6449090716507955,
      "over_rate": 0.1689728165325233,
      "under_rate": 0.15556645179807935,
      "esi5_recall": 0.2681818181818182,
      "per_class_recall": {
        "1": 0.6029564855298771,
        "2": 0.7083422996915573,
        "3": 0.6722651737314493,
        "4": 0.6166666666666667,
        "5": 0.2681818181818182
      }
    },
    "frontier": [
      {
        "exact": 0.6754607316693974,
        "within_1": 0.9818457969073274,
        "qwk": 0.6449090716507955,
        "over_rate": 0.1689728165325233,
        "under_rate": 0.15556645179807935,
        "esi5_recall": 0.2681818181818182,
        "per_class_recall": {
          "1": 0.6029564855298771,
          "2": 0.7083422996915573,
          "3": 0.6722651737314493,
          "4": 0.6166666666666667,
          "5": 0.2681818181818182
        },
        "trial": 0,
        "is_incumbent": true
      },
      {
        "exact": 0.6825286723991533,
        "within_1": 0.9823959242737721,
        "qwk": 0.6470165040480063,
        "over_rate": 0.15315067510195296,
        "under_rate": 0.16432065249889377,
        "esi5_recall": 0.16363636363636364,
        "per_class_recall": {
          "1": 0.5906724963564439,
          "2": 0.6831647657987232,
          "3": 0.7018350662045677,
          "4": 0.6243859649122807,
          "5": 0.16363636363636364
        },
        "trial": 1,
        "params": {
          "learning_rate": 0.01184431975182039,
          "n_estimators": 3000,
          "boost_esi1": 1.2340279606636548,
          "boost_esi2": 1.124795616268962,
          "boost_esi5": 1.116167224336399
        }
      },
      {
        "exact": 0.6684525873925159,
        "within_1": 0.9806857457215638,
        "qwk": 0.6295138996895893,
        "over_rate": 0.19000920865374266,
        "under_rate": 0.14153820395374148,
        "esi5_recall": 0.09545454545454546,
        "per_class_recall": {
          "1": 0.5869248386425151,
          "2": 0.7290366544724195,
          "3": 0.6542921887496668,
          "4": 0.5747368421052632,
          "5": 0.09545454545454546
        },
        "trial": 2,
        "params": {
          "learning_rate": 0.03674059202635224,
          "n_estimators": 5000,
          "boost_esi1": 2.4548647782429915,
          "boost_esi2": 1.6659541126403374,
          "boost_esi5": 1.4246782213565523
        }
      },
      {
        "exact": 0.6785581879282921,
        "within_1": 0.9806139899781146,
        "qwk": 0.6434342359930523,
        "over_rate": 0.1647990241218891,
        "under_rate": 0.1566427879498188,
        "esi5_recall": 0.16363636363636364,
        "per_class_recall": {
          "1": 0.6119092234020403,
          "2": 0.6911627573344811,
          "3": 0.688238691904381,
          "4": 0.6164912280701754,
          "5": 0.16363636363636364
        },
        "trial": 3,
        "params": {
          "learning_rate": 0.007599674150654906,
          "n_estimators": 8000,
          "boost_esi1": 1.6479175279631737,
          "boost_esi2": 1.2329833121584335,
          "boost_esi5": 2.223705789444759
        }
      },
      {
        "exact": 0.6685841395888396,
        "within_1": 0.9852422354305943,
        "qwk": 0.6359906409537222,
        "over_rate": 0.18810768145233625,
        "under_rate": 0.14330817895882417,
        "esi5_recall": 0.12727272727272726,
        "per_class_recall": {
          "1": 0.5221736414740787,
          "2": 0.7692059393156876,
          "3": 0.6324980005331912,
          "4": 0.6056140350877193,
          "5": 0.12727272727272726
        },
        "trial": 5,
        "params": {
          "learning_rate": 0.019560708142748476,
          "n_estimators": 5000,
          "boost_esi1": 1.0975773894779193,
          "boost_esi2": 1.7591084298026667,
          "boost_esi5": 2.9312640661491187
        }
      },
      {
        "exact": 0.6826243467237524,
        "within_1": 0.9802432519702932,
        "qwk": 0.6379700715415246,
        "over_rate": 0.15565016683210353,
        "under_rate": 0.16172548644414414,
        "esi5_recall": 0.1,
        "per_class_recall": {
          "1": 0.5950447636893608,
          "2": 0.6674915716232694,
          "3": 0.7178308006753754,
          "4": 0.5749122807017544,
          "5": 0.1
        },
        "trial": 6,
        "params": {
          "learning_rate": 0.03216379996424947,
          "n_estimators": 8000,
          "boost_esi1": 1.6602287406094018,
          "boost_esi2": 1.097630587875823,
          "boost_esi5": 1.9903538202225404
        }
      },
      {
        "exact": 0.671813148044058,
        "within_1": 0.9828862551873423,
        "qwk": 0.6421298034209735,
        "over_rate": 0.17692574476482056,
        "under_rate": 0.15126110719112143,
        "esi5_recall": 0.2545454545454545,
        "per_class_recall": {
          "1": 0.5821361648969394,
          "2": 0.7296463668316476,
          "3": 0.6550697591753311,
          "4": 0.6128070175438597,
          "5": 0.2545454545454545
        },
        "trial": 7,
        "params": {
          "learning_rate": 0.00541200919075048,
          "n_estimators": 3000,
          "boost_esi1": 1.4675666141341164,
          "boost_esi2": 1.4160544169422487,
          "boost_esi5": 2.0934205586865593
        }
      },
      {
        "exact": 0.6646734515708528,
        "within_1": 0.9781742947008384,
        "qwk": 0.6347377726121197,
        "over_rate": 0.1889926689548776,
        "under_rate": 0.1463338794742696,
        "esi5_recall": 0.2545454545454545,
        "per_class_recall": {
          "1": 0.6396002498438476,
          "2": 0.7116060540850728,
          "3": 0.6473607038123167,
          "4": 0.6087719298245614,
          "5": 0.2545454545454545
        },
        "trial": 8,
        "params": {
          "learning_rate": 0.007652872182750091,
          "n_estimators": 3000,
          "boost_esi1": 2.3422410256414734,
          "boost_esi2": 1.478319983048868,
          "boost_esi5": 2.8437484700462337
        }
      },
      {
        "exact": 0.6781874499204708,
        "within_1": 0.9808531757896122,
        "qwk": 0.6436951873403605,
        "over_rate": 0.1635193800303766,
        "under_rate": 0.1582931700491527,
        "esi5_recall": 0.18181818181818182,
        "per_class_recall": {
          "1": 0.610035394545076,
          "2": 0.6899074671831289,
          "3": 0.6887052341597796,
          "4": 0.6143859649122807,
          "5": 0.18181818181818182
        },
        "trial": 9,
        "params": {
          "learning_rate": 0.006130028679593762,
          "n_estimators": 8000,
          "boost_esi1": 1.583015934534223,
          "boost_esi2": 1.2170792254191167,
          "boost_esi5": 2.6574750183038587
        }
      }
    ],
    "selected": {
      "trial": 0,
      "rationale": "max exact on the Pareto front with under_rate <= incumbent",
      "params": {
        "learning_rate": 0.01,
        "n_estimators": 5000,
        "boost_esi1": 1.5,
        "boost_esi2": 1.3,
        "boost_esi5": 2.0
      },
      "metrics": {
        "exact": 0.6803001763984812,
        "qwk": 0.6455775418082357,
        "under_rate": 0.153451729602057,
        "esi5_recall": 0.2159090909090909
      }
    }
  },
  "disposition": {
    "objective_names": [
      "accuracy",
      "under_rate"
    ],
    "incumbent": {
      "accuracy": 0.7797696640635278,
      "under_rate": 0.08211248908714736,
      "over_rate": 0.1381178468493249,
      "threshold": 0.5,
      "roc_auc": 0.8643695013588593
    },
    "frontier": [
      {
        "accuracy": 0.7797696640635278,
        "under_rate": 0.08211248908714736,
        "over_rate": 0.1381178468493249,
        "threshold": 0.5,